REM INSERTING into RANKINGS
SET DEFINE OFF;
Insert into RANKINGS (ID_RANKING,DESCRIPCION) values ('PRIN ','PRINCIPIANTE');
Insert into RANKINGS (ID_RANKING,DESCRIPCION) values ('AFI  ','AFICIONADO O JUGADOR DE CLUB MEDIO');
Insert into RANKINGS (ID_RANKING,DESCRIPCION) values ('SPRO ','SEMI PROFESIONAL O JUGADOR DE CLUB FUERTE');
Insert into RANKINGS (ID_RANKING,DESCRIPCION) values ('CMA  ','CANDIDATE A MAESTRO');
Insert into RANKINGS (ID_RANKING,DESCRIPCION) values ('MF   ','MAESTRO FIDE');
Insert into RANKINGS (ID_RANKING,DESCRIPCION) values ('MI   ','MAESTRO INTERNACIONAL');
Insert into RANKINGS (ID_RANKING,DESCRIPCION) values ('GM   ','GRAN MAESTRO');
Insert into RANKINGS (ID_RANKING,DESCRIPCION) values ('SGM  ','SUPER GRAN MAESTRO');
Insert into RANKINGS (ID_RANKING,DESCRIPCION) values ('CCM  ','CANDIDATO A CAMPEON MUNDIAL');
Insert into RANKINGS (ID_RANKING,DESCRIPCION) values ('CM   ','CAMPEON MUNDIAL');
REM INSERTING into ARBITROS
SET DEFINE OFF;
Insert into ARBITROS (ID_ARBITRO,DNI,NOMBRE,TELEFONO) values ('A1  ','12345678E','EDUARD','999888777');
Insert into ARBITROS (ID_ARBITRO,DNI,NOMBRE,TELEFONO) values ('A2  ','87654321W','ELISA','333444555');
Insert into ARBITROS (ID_ARBITRO,DNI,NOMBRE,TELEFONO) values ('A3  ','33444566G','Aline','360698470');
Insert into ARBITROS (ID_ARBITRO,DNI,NOMBRE,TELEFONO) values ('A4  ','06404652A','Chastity','386972372');
Insert into ARBITROS (ID_ARBITRO,DNI,NOMBRE,TELEFONO) values ('A5  ','00303736K','Jordan','773880174');
Insert into ARBITROS (ID_ARBITRO,DNI,NOMBRE,TELEFONO) values ('A6  ','98531150R',null,'122430713');
Insert into ARBITROS (ID_ARBITRO,DNI,NOMBRE,TELEFONO) values ('A7  ','80706841W','Dorian','756213166');
Insert into ARBITROS (ID_ARBITRO,DNI,NOMBRE,TELEFONO) values ('A8  ','09200822V','Talon',null);
Insert into ARBITROS (ID_ARBITRO,DNI,NOMBRE,TELEFONO) values ('A9  ','39803824R','Yuri','638978468');
Insert into ARBITROS (ID_ARBITRO,DNI,NOMBRE,TELEFONO) values ('A10 ','68624845K','Todd','582855289');
REM INSERTING into CLUBES
SET DEFINE OFF;
Insert into CLUBES (ID_CLUB,ID_JUG_LIDER,NOM_CLUB,N_INTEGRANTES,FECHA_CREAC) values ('C7 ',null,'Los News','15',to_date('01/12/18','DD/MM/RR'));
Insert into CLUBES (ID_CLUB,ID_JUG_LIDER,NOM_CLUB,N_INTEGRANTES,FECHA_CREAC) values ('C3 ',null,'Esrodingger','26',to_date('16/03/10','DD/MM/RR'));
Insert into CLUBES (ID_CLUB,ID_JUG_LIDER,NOM_CLUB,N_INTEGRANTES,FECHA_CREAC) values ('C6 ',null,'Principitos','18',to_date('27/07/16','DD/MM/RR'));
Insert into CLUBES (ID_CLUB,ID_JUG_LIDER,NOM_CLUB,N_INTEGRANTES,FECHA_CREAC) values ('C1 ',null,'Ajedresitos','59',to_date('26/06/03','DD/MM/RR'));--J2
Insert into CLUBES (ID_CLUB,ID_JUG_LIDER,NOM_CLUB,N_INTEGRANTES,FECHA_CREAC) values ('C2 ',null,'Reyes','70',to_date('22/12/90','DD/MM/RR'));--J1
Insert into CLUBES (ID_CLUB,ID_JUG_LIDER,NOM_CLUB,N_INTEGRANTES,FECHA_CREAC) values ('C4 ',null,'Jaque Mate','48',to_date('17/05/00','DD/MM/RR'));--J28
Insert into CLUBES (ID_CLUB,ID_JUG_LIDER,NOM_CLUB,N_INTEGRANTES,FECHA_CREAC) values ('C5 ',null,'Las Torres','62',to_date('08/07/96','DD/MM/RR'));--J32
REM INSERTING into TORNEOS
SET DEFINE OFF;
Insert into TORNEOS (ID_TORNEO,ID_RANK_TOUR,ID_CLUB_ORG,PRER_TORNEO,NOM_TORNEO,TIPO_TORNEO,FECH_INICIO,FECH_FIN) values ('T5  ','SPRO ','C2 ',null,'SEMI PROFESIONAL','E',to_date('01/07/19','DD/MM/RR'),to_date('01/08/19','DD/MM/RR'));
Insert into TORNEOS (ID_TORNEO,ID_RANK_TOUR,ID_CLUB_ORG,PRER_TORNEO,NOM_TORNEO,TIPO_TORNEO,FECH_INICIO,FECH_FIN) values ('T6  ','CMA  ','C2 ','T5  ','PEPITO Y DON JOSE','E',to_date('01/09/19','DD/MM/RR'),to_date('01/10/19','DD/MM/RR'));
Insert into TORNEOS (ID_TORNEO,ID_RANK_TOUR,ID_CLUB_ORG,PRER_TORNEO,NOM_TORNEO,TIPO_TORNEO,FECH_INICIO,FECH_FIN) values ('T7  ','MF   ','C4 ',null,'FIDE MASTER','S',to_date('01/09/19','DD/MM/RR'),to_date('01/10/19','DD/MM/RR'));
Insert into TORNEOS (ID_TORNEO,ID_RANK_TOUR,ID_CLUB_ORG,PRER_TORNEO,NOM_TORNEO,TIPO_TORNEO,FECH_INICIO,FECH_FIN) values ('T8  ','MI   ','C1 ','T7  ','MASTER UPGRADE','S',to_date('01/11/19','DD/MM/RR'),to_date('01/12/19','DD/MM/RR'));
Insert into TORNEOS (ID_TORNEO,ID_RANK_TOUR,ID_CLUB_ORG,PRER_TORNEO,NOM_TORNEO,TIPO_TORNEO,FECH_INICIO,FECH_FIN) values ('T9  ','MI   ','C1 ','T7  ','REPESCA MASTER','S',to_date('01/02/20','DD/MM/RR'),to_date('01/03/20','DD/MM/RR'));
Insert into TORNEOS (ID_TORNEO,ID_RANK_TOUR,ID_CLUB_ORG,PRER_TORNEO,NOM_TORNEO,TIPO_TORNEO,FECH_INICIO,FECH_FIN) values ('T10 ','CMA  ','C2 ','T5  ','NEW PEPITO Y DON JOSE','E',to_date('01/01/20','DD/MM/RR'),to_date('01/02/20','DD/MM/RR'));
Insert into TORNEOS (ID_TORNEO,ID_RANK_TOUR,ID_CLUB_ORG,PRER_TORNEO,NOM_TORNEO,TIPO_TORNEO,FECH_INICIO,FECH_FIN) values ('T3  ','GM   ','C3 ',null,'PREVIUS MASTER','L',to_date('01/10/18','DD/MM/RR'),to_date('02/11/18','DD/MM/RR'));
Insert into TORNEOS (ID_TORNEO,ID_RANK_TOUR,ID_CLUB_ORG,PRER_TORNEO,NOM_TORNEO,TIPO_TORNEO,FECH_INICIO,FECH_FIN) values ('T4  ','MI   ','C5 ',null,'MASTER INTERNATIONAL','L',to_date('01/02/18','DD/MM/RR'),to_date('02/03/18','DD/MM/RR'));
Insert into TORNEOS (ID_TORNEO,ID_RANK_TOUR,ID_CLUB_ORG,PRER_TORNEO,NOM_TORNEO,TIPO_TORNEO,FECH_INICIO,FECH_FIN) values ('T2  ','SGM  ','C3 ','T3  ','SUPER TORNEO MAESTRO','L',to_date('30/01/19','DD/MM/RR'),to_date('28/02/19','DD/MM/RR'));
Insert into TORNEOS (ID_TORNEO,ID_RANK_TOUR,ID_CLUB_ORG,PRER_TORNEO,NOM_TORNEO,TIPO_TORNEO,FECH_INICIO,FECH_FIN) values ('T1  ','GM   ','C1 ','T4  ','GRAND MASTER TOUR','L',to_date('30/11/18','DD/MM/RR'),to_date('30/12/18','DD/MM/RR'));
Insert into TORNEOS (ID_TORNEO,ID_RANK_TOUR,ID_CLUB_ORG,PRER_TORNEO,NOM_TORNEO,TIPO_TORNEO,FECH_INICIO,FECH_FIN) values ('T11 ','MF   ','C4 ',null,'MAESTROS FIDE','E',to_date('01/04/19','DD/MM/RR'),to_date('01/05/19','DD/MM/RR'));
REM INSERTING into ELIMINATORIAS
SET DEFINE OFF;
Insert into ELIMINATORIAS (ID_TORNEO,NUM_EMPAREJAMIENTOS,"PLAY-OFFS",PRORROGA,REPETICION) values ('T5  ','6','N',null,null);
Insert into ELIMINATORIAS (ID_TORNEO,NUM_EMPAREJAMIENTOS,"PLAY-OFFS",PRORROGA,REPETICION) values ('T6  ','5','N',null,null);
Insert into ELIMINATORIAS (ID_TORNEO,NUM_EMPAREJAMIENTOS,"PLAY-OFFS",PRORROGA,REPETICION) values ('T10 ','8','Y','V',null);
REM INSERTING into SUIZOS
SET DEFINE OFF;
Insert into SUIZOS (ID_TORNEO,NUM_RONDAS,RELAMPAGO,DURACION) values ('T7  ','4','N',null);
Insert into SUIZOS (ID_TORNEO,NUM_RONDAS,RELAMPAGO,DURACION) values ('T8  ','5','N',null);
Insert into SUIZOS (ID_TORNEO,NUM_RONDAS,RELAMPAGO,DURACION) values ('T9  ','6','Y','30');
REM INSERTING into JUGADORES
SET DEFINE OFF;
Insert into JUGADORES (ID_JUGADOR,ID_CLUB,ID_RANKING,NOMBRE,APELLIDO,CP,EMAIL,FECH_NACI) values ('J1 ','C2 ','SGM  ','Jake','Mate','41120','JAKE@GMAIL.COM',to_date('12/11/81','DD/MM/RR'));
Insert into JUGADORES (ID_JUGADOR,ID_CLUB,ID_RANKING,NOMBRE,APELLIDO,CP,EMAIL,FECH_NACI) values ('J2 ','C1 ','GM   ','Anastasia','Ajendro','65223','AJEN@YAHOO.COM',to_date('18/11/04','DD/MM/RR'));
Insert into JUGADORES (ID_JUGADOR,ID_CLUB,ID_RANKING,NOMBRE,APELLIDO,CP,EMAIL,FECH_NACI) values ('J3 ','C3 ','GM   ','Raimundo','Reyes','30115','REY@HOTMAIL.COM',to_date('16/01/91','DD/MM/RR'));
Insert into JUGADORES (ID_JUGADOR,ID_CLUB,ID_RANKING,NOMBRE,APELLIDO,CP,EMAIL,FECH_NACI) values ('J4 ','C3 ','GM   ','Sebas','Sebin','40125','SEBAS@GMAIL.COM',to_date('26/05/95','DD/MM/RR'));
Insert into JUGADORES (ID_JUGADOR,ID_CLUB,ID_RANKING,NOMBRE,APELLIDO,CP,EMAIL,FECH_NACI) values ('J5 ','C1 ','SGM  ','Pedro','Piedrita','52335','PIEDRA@YAHOO.COM',to_date('19/12/90','DD/MM/RR'));
Insert into JUGADORES (ID_JUGADOR,ID_CLUB,ID_RANKING,NOMBRE,APELLIDO,CP,EMAIL,FECH_NACI) values ('J6 ','C2 ','SGM  ','Maria','Garcia','34111',null,to_date('20/02/03','DD/MM/RR'));
Insert into JUGADORES (ID_JUGADOR,ID_CLUB,ID_RANKING,NOMBRE,APELLIDO,CP,EMAIL,FECH_NACI) values ('J7 ','C2 ','GM   ','Lola','Martin','65444','LOLITA@YAHOO.ES',null);
Insert into JUGADORES (ID_JUGADOR,ID_CLUB,ID_RANKING,NOMBRE,APELLIDO,CP,EMAIL,FECH_NACI) values ('J9 ','C3 ','SGM  ','Rebekah','Salas','5880','sollicitudin@ornarelectus.edu',to_date('05/01/54','DD/MM/RR'));
Insert into JUGADORES (ID_JUGADOR,ID_CLUB,ID_RANKING,NOMBRE,APELLIDO,CP,EMAIL,FECH_NACI) values ('J10','C2 ','SGM  ','Rhona','Barnes','70046','purus@ultricessit.co.uk',to_date('18/09/70','DD/MM/RR'));
Insert into JUGADORES (ID_JUGADOR,ID_CLUB,ID_RANKING,NOMBRE,APELLIDO,CP,EMAIL,FECH_NACI) values ('J11','C3 ','SGM  ','Upton','Gutierrez','23854','sollicitudin@risusDuis.com',null);
Insert into JUGADORES (ID_JUGADOR,ID_CLUB,ID_RANKING,NOMBRE,APELLIDO,CP,EMAIL,FECH_NACI) values ('J12','C1 ','GM   ','Inez','Rodriquez','87472','nonummy.ut.molestie@elit.net',to_date('18/02/04','DD/MM/RR'));
Insert into JUGADORES (ID_JUGADOR,ID_CLUB,ID_RANKING,NOMBRE,APELLIDO,CP,EMAIL,FECH_NACI) values ('J13','C2 ','SGM  ','Coby','Hull','28940','turpis@tortorIntegeraliquam.net',to_date('24/02/97','DD/MM/RR'));
Insert into JUGADORES (ID_JUGADOR,ID_CLUB,ID_RANKING,NOMBRE,APELLIDO,CP,EMAIL,FECH_NACI) values ('J14','C1 ','SGM  ','Lael','Albert','1576','Etiam@Sedegetlacus.com',to_date('11/04/90','DD/MM/RR'));
Insert into JUGADORES (ID_JUGADOR,ID_CLUB,ID_RANKING,NOMBRE,APELLIDO,CP,EMAIL,FECH_NACI) values ('J15','C2 ','GM   ','Kaye','Carrillo','2760','imperdiet.nec@nonmassanon.com',to_date('19/04/57','DD/MM/RR'));
Insert into JUGADORES (ID_JUGADOR,ID_CLUB,ID_RANKING,NOMBRE,APELLIDO,CP,EMAIL,FECH_NACI) values ('J16','C2 ','SGM  ','Walter','Pruitt','43640','mauris.sapien@Innec.ca',to_date('04/10/83','DD/MM/RR'));
Insert into JUGADORES (ID_JUGADOR,ID_CLUB,ID_RANKING,NOMBRE,APELLIDO,CP,EMAIL,FECH_NACI) values ('J17','C1 ','SGM  ','Kirk','Holland','68160','facilisis.eget@senectus.ca',to_date('05/03/02','DD/MM/RR'));
Insert into JUGADORES (ID_JUGADOR,ID_CLUB,ID_RANKING,NOMBRE,APELLIDO,CP,EMAIL,FECH_NACI) values ('J18','C1 ','MI   ','Idola','Williams','9535','nec.quam@Aliquamfringilla.org',to_date('01/03/85','DD/MM/RR'));
Insert into JUGADORES (ID_JUGADOR,ID_CLUB,ID_RANKING,NOMBRE,APELLIDO,CP,EMAIL,FECH_NACI) values ('J19','C2 ','MI   ','Lillith','Rose','60749','tellus@Proindolor.edu',to_date('02/02/04','DD/MM/RR'));
Insert into JUGADORES (ID_JUGADOR,ID_CLUB,ID_RANKING,NOMBRE,APELLIDO,CP,EMAIL,FECH_NACI) values ('J20','C3 ','MI   ','Madison','Ross','92226','quam@gravidano.com',null);
Insert into JUGADORES (ID_JUGADOR,ID_CLUB,ID_RANKING,NOMBRE,APELLIDO,CP,EMAIL,FECH_NACI) values ('J21','C1 ','MI   ','Echo','Branch','91099','adipiscing.Mauris@velitdui.net',to_date('17/12/88','DD/MM/RR'));
Insert into JUGADORES (ID_JUGADOR,ID_CLUB,ID_RANKING,NOMBRE,APELLIDO,CP,EMAIL,FECH_NACI) values ('J22','C2 ','MI   ','Evangeline','Jacobs','66234','Maecenas.ornare@arcu.co.uk',to_date('15/02/99','DD/MM/RR'));
Insert into JUGADORES (ID_JUGADOR,ID_CLUB,ID_RANKING,NOMBRE,APELLIDO,CP,EMAIL,FECH_NACI) values ('J23','C3 ','MI   ','Dalton','Lyons','70911',null,to_date('12/03/86','DD/MM/RR'));
Insert into JUGADORES (ID_JUGADOR,ID_CLUB,ID_RANKING,NOMBRE,APELLIDO,CP,EMAIL,FECH_NACI) values ('J24','C5 ','MI   ','Hedwig','Park','55787','et.@odioNam.uk',null);
Insert into JUGADORES (ID_JUGADOR,ID_CLUB,ID_RANKING,NOMBRE,APELLIDO,CP,EMAIL,FECH_NACI) values ('J25','C5 ','MI   ','Pamela','Crane','9353','penatibus@in.net',to_date('11/07/01','DD/MM/RR'));
Insert into JUGADORES (ID_JUGADOR,ID_CLUB,ID_RANKING,NOMBRE,APELLIDO,CP,EMAIL,FECH_NACI) values ('J26','C4 ','MI   ','Tate','Barnett','3566','libero@Proinegetodio.ca',to_date('05/03/76','DD/MM/RR'));
Insert into JUGADORES (ID_JUGADOR,ID_CLUB,ID_RANKING,NOMBRE,APELLIDO,CP,EMAIL,FECH_NACI) values ('J8 ','C1 ','GM   ','Buffy','Hatfield','16768',null,to_date('10/02/71','DD/MM/RR'));
Insert into JUGADORES (ID_JUGADOR,ID_CLUB,ID_RANKING,NOMBRE,APELLIDO,CP,EMAIL,FECH_NACI) values ('J27','C4 ','MI   ','Reese','Hayes','4143','eget.massa@loremvehicula.ca',to_date('08/12/97','DD/MM/RR'));
Insert into JUGADORES (ID_JUGADOR,ID_CLUB,ID_RANKING,NOMBRE,APELLIDO,CP,EMAIL,FECH_NACI) values ('J28','C4 ','SGM  ','Nero','Ware','60004','Maecenas@auguesceleri.edu',to_date('30/01/83','DD/MM/RR'));
Insert into JUGADORES (ID_JUGADOR,ID_CLUB,ID_RANKING,NOMBRE,APELLIDO,CP,EMAIL,FECH_NACI) values ('J29','C4 ','SGM  ','Zane','Spears','21617','neque@malesuadavel.co.uk',to_date('14/12/61','DD/MM/RR'));
Insert into JUGADORES (ID_JUGADOR,ID_CLUB,ID_RANKING,NOMBRE,APELLIDO,CP,EMAIL,FECH_NACI) values ('J30','C4 ','GM   ','Demetrius','Evans','97707','metus.In@nequepellentesque.ca',to_date('11/02/00','DD/MM/RR'));
Insert into JUGADORES (ID_JUGADOR,ID_CLUB,ID_RANKING,NOMBRE,APELLIDO,CP,EMAIL,FECH_NACI) values ('J31','C5 ','GM   ','Beck','Rodriguez','3536','porttitor@Integertinc.org',null);
Insert into JUGADORES (ID_JUGADOR,ID_CLUB,ID_RANKING,NOMBRE,APELLIDO,CP,EMAIL,FECH_NACI) values ('J32','C5 ','SGM  ','Shelby','Reilly','5039','molestie.arcu@sagittisNullam.edu',to_date('18/02/86','DD/MM/RR'));
Insert into JUGADORES (ID_JUGADOR,ID_CLUB,ID_RANKING,NOMBRE,APELLIDO,CP,EMAIL,FECH_NACI) values ('J33','C5 ','SGM  ','Savannah','Franco','37414','vulputateodio@egestaslacinia.org',to_date('12/01/03','DD/MM/RR'));
Insert into JUGADORES (ID_JUGADOR,ID_CLUB,ID_RANKING,NOMBRE,APELLIDO,CP,EMAIL,FECH_NACI) values ('J34','C6 ','MI   ','Nobin','Nobatin','55422','nobato@gmail.org',to_date('26/06/98','DD/MM/RR'));
Insert into JUGADORES (ID_JUGADOR,ID_CLUB,ID_RANKING,NOMBRE,APELLIDO,CP,EMAIL,FECH_NACI) values ('J35','C2 ','MF   ','Carla','Caldwell','91993','sociis@liberoProin.co.uk',to_date('26/02/92','DD/MM/RR'));
Insert into JUGADORES (ID_JUGADOR,ID_CLUB,ID_RANKING,NOMBRE,APELLIDO,CP,EMAIL,FECH_NACI) values ('J36','C2 ','MF   ','Rigel','Skinner','76424','abcd@consecteismodest.net',to_date('02/10/84','DD/MM/RR'));
Insert into JUGADORES (ID_JUGADOR,ID_CLUB,ID_RANKING,NOMBRE,APELLIDO,CP,EMAIL,FECH_NACI) values ('J37','C4 ','MF   ','Petra','Benjamin','5734','mauris.aliquam.eu@Quisque.org',to_date('25/02/89','DD/MM/RR'));
Insert into JUGADORES (ID_JUGADOR,ID_CLUB,ID_RANKING,NOMBRE,APELLIDO,CP,EMAIL,FECH_NACI) values ('J38','C2 ','MF   ','Cheryl','Berger','67872','erat@sitamet.com',to_date('01/11/01','DD/MM/RR'));
Insert into JUGADORES (ID_JUGADOR,ID_CLUB,ID_RANKING,NOMBRE,APELLIDO,CP,EMAIL,FECH_NACI) values ('J39','C7 ','MF   ','Ulysses','David','17651','odio@Cras.net',to_date('24/12/92','DD/MM/RR'));
Insert into JUGADORES (ID_JUGADOR,ID_CLUB,ID_RANKING,NOMBRE,APELLIDO,CP,EMAIL,FECH_NACI) values ('J40','C4 ','MF   ','Eugenia','Jordan','67356','ipsum@congueaaliquet.co.uk',to_date('04/08/93','DD/MM/RR'));
Insert into JUGADORES (ID_JUGADOR,ID_CLUB,ID_RANKING,NOMBRE,APELLIDO,CP,EMAIL,FECH_NACI) values ('J41','C5 ','MF   ','Marsden','Harvey','3882','Aenean@ante.com',to_date('11/01/98','DD/MM/RR'));
Insert into JUGADORES (ID_JUGADOR,ID_CLUB,ID_RANKING,NOMBRE,APELLIDO,CP,EMAIL,FECH_NACI) values ('J42','C3 ','MF   ','Garth','Blevins','4485','pellentestellus@Sedmolestie.ca',to_date('24/01/98','DD/MM/RR'));
Insert into JUGADORES (ID_JUGADOR,ID_CLUB,ID_RANKING,NOMBRE,APELLIDO,CP,EMAIL,FECH_NACI) values ('J43','C3 ','MF   ','Wayne','Burton','1646','Quisque@etultrsposuere.com',to_date('10/12/90','DD/MM/RR'));
Insert into JUGADORES (ID_JUGADOR,ID_CLUB,ID_RANKING,NOMBRE,APELLIDO,CP,EMAIL,FECH_NACI) values ('J44','C4 ','MF   ','Aurora','Pacheco','9885','Nulla@vestibulum.edu',to_date('04/05/96','DD/MM/RR'));
Insert into JUGADORES (ID_JUGADOR,ID_CLUB,ID_RANKING,NOMBRE,APELLIDO,CP,EMAIL,FECH_NACI) values ('J45','C1 ','MF   ','Priscilla','Griffith','64821','lacus.Ut@nonhendreri.uk',to_date('20/10/00','DD/MM/RR'));
Insert into JUGADORES (ID_JUGADOR,ID_CLUB,ID_RANKING,NOMBRE,APELLIDO,CP,EMAIL,FECH_NACI) values ('J46','C3 ','MF   ','Axel','Stark','61612','felis.varius@portumSed.com',to_date('14/05/91','DD/MM/RR'));
Insert into JUGADORES (ID_JUGADOR,ID_CLUB,ID_RANKING,NOMBRE,APELLIDO,CP,EMAIL,FECH_NACI) values ('J47','C3 ','MF   ','Philip','Logan','80063','penatibus@amet.net',to_date('02/05/84','DD/MM/RR'));
Insert into JUGADORES (ID_JUGADOR,ID_CLUB,ID_RANKING,NOMBRE,APELLIDO,CP,EMAIL,FECH_NACI) values ('J48','C2 ','MF   ','Kelly','Delacruz','8189','auctor@consectetuer.edu',to_date('03/02/89','DD/MM/RR'));
Insert into JUGADORES (ID_JUGADOR,ID_CLUB,ID_RANKING,NOMBRE,APELLIDO,CP,EMAIL,FECH_NACI) values ('J49','C1 ','MF   ','Jelani','Frost','19403','felisfringilla@luctus.ca',to_date('08/08/88','DD/MM/RR'));
Insert into JUGADORES (ID_JUGADOR,ID_CLUB,ID_RANKING,NOMBRE,APELLIDO,CP,EMAIL,FECH_NACI) values ('J50','C3 ','MF   ','Germane','Pugh','10731','volutpat.sim@leoChicula.ca',to_date('18/09/91','DD/MM/RR'));
Insert into JUGADORES (ID_JUGADOR,ID_CLUB,ID_RANKING,NOMBRE,APELLIDO,CP,EMAIL,FECH_NACI) values ('J51','C5 ','MF   ','Lyle','Mercado','15767','metus.sit@Proinultrice.com',to_date('24/02/00','DD/MM/RR'));
Insert into JUGADORES (ID_JUGADOR,ID_CLUB,ID_RANKING,NOMBRE,APELLIDO,CP,EMAIL,FECH_NACI) values ('J52','C1 ','CMA  ','Constance','Contreras','90094','fringilla.Donec@dolorvitaedolor.co.uk',to_date('19/12/99','DD/MM/RR'));
Insert into JUGADORES (ID_JUGADOR,ID_CLUB,ID_RANKING,NOMBRE,APELLIDO,CP,EMAIL,FECH_NACI) values ('J54','C6 ','CMA  ','Conan','Carlson','5778','tortor@Crasconvallis.net',to_date('23/06/85','DD/MM/RR'));
Insert into JUGADORES (ID_JUGADOR,ID_CLUB,ID_RANKING,NOMBRE,APELLIDO,CP,EMAIL,FECH_NACI) values ('J55','C7 ','CMA  ','Felicia','Morris','74965','enim.Etiam@Sed.com',to_date('11/02/87','DD/MM/RR'));
Insert into JUGADORES (ID_JUGADOR,ID_CLUB,ID_RANKING,NOMBRE,APELLIDO,CP,EMAIL,FECH_NACI) values ('J56','C2 ','CMA  ','Isaiah','Floyd','93742','dolor.Donec@malesuada.com',to_date('01/09/89','DD/MM/RR'));
Insert into JUGADORES (ID_JUGADOR,ID_CLUB,ID_RANKING,NOMBRE,APELLIDO,CP,EMAIL,FECH_NACI) values ('J57','C7 ','CMA  ','Ethan','Stark','99976','Phasellus@metussit.net',to_date('30/04/80','DD/MM/RR'));
Insert into JUGADORES (ID_JUGADOR,ID_CLUB,ID_RANKING,NOMBRE,APELLIDO,CP,EMAIL,FECH_NACI) values ('J58','C1 ','CMA  ','Bruno','Gonzalez','21288','sit.amet.massa@porttitor.com',to_date('27/02/00','DD/MM/RR'));
Insert into JUGADORES (ID_JUGADOR,ID_CLUB,ID_RANKING,NOMBRE,APELLIDO,CP,EMAIL,FECH_NACI) values ('J59','C5 ','CMA  ','Kasimir','Bowen','95144','a.odio.semper@auctorvelit.co.uk',to_date('26/09/90','DD/MM/RR'));
Insert into JUGADORES (ID_JUGADOR,ID_CLUB,ID_RANKING,NOMBRE,APELLIDO,CP,EMAIL,FECH_NACI) values ('J60','C1 ','CMA  ','Minerva','Austin','63608','Vivamus@atpede.com',to_date('10/02/87','DD/MM/RR'));
Insert into JUGADORES (ID_JUGADOR,ID_CLUB,ID_RANKING,NOMBRE,APELLIDO,CP,EMAIL,FECH_NACI) values ('J61','C1 ','CMA  ','Celeste','Vang','52383','nec@ac.co.uk',to_date('27/03/92','DD/MM/RR'));
Insert into JUGADORES (ID_JUGADOR,ID_CLUB,ID_RANKING,NOMBRE,APELLIDO,CP,EMAIL,FECH_NACI) values ('J62','C1 ','CMA  ','Shellie','Baker','5828','magnis.dis.parturient@Nuncpulvinar.ca',to_date('05/06/87','DD/MM/RR'));
Insert into JUGADORES (ID_JUGADOR,ID_CLUB,ID_RANKING,NOMBRE,APELLIDO,CP,EMAIL,FECH_NACI) values ('J63','C5 ','CMA  ','Ebony','Mack','62991','Phasellus.dolor@elementumat.co.uk',to_date('05/01/81','DD/MM/RR'));
Insert into JUGADORES (ID_JUGADOR,ID_CLUB,ID_RANKING,NOMBRE,APELLIDO,CP,EMAIL,FECH_NACI) values ('J53','C4 ','CMA  ','Kristen','Marshall','65983','nonummy.feugiat@porttiSed.edu',to_date('29/06/95','DD/MM/RR'));
REM INSERTING into LIGAS
SET DEFINE OFF;
Insert into LIGAS (ID_TORNEO,PATRON_DESEMP,DIF__PIEZAS_RESTANTES,NUM__MOVIMIENTOS,DIF_PIEZAS_EMPAT,"NUM._MOV._EMPAT",SORTEO) values ('T1  ','N',null,null,null,null,null);
Insert into LIGAS (ID_TORNEO,PATRON_DESEMP,DIF__PIEZAS_RESTANTES,NUM__MOVIMIENTOS,DIF_PIEZAS_EMPAT,"NUM._MOV._EMPAT",SORTEO) values ('T2  ','N',null,null,null,null,null);
Insert into LIGAS (ID_TORNEO,PATRON_DESEMP,DIF__PIEZAS_RESTANTES,NUM__MOVIMIENTOS,DIF_PIEZAS_EMPAT,"NUM._MOV._EMPAT",SORTEO) values ('T3  ','Y','V','V',null,null,null);
Insert into LIGAS (ID_TORNEO,PATRON_DESEMP,DIF__PIEZAS_RESTANTES,NUM__MOVIMIENTOS,DIF_PIEZAS_EMPAT,"NUM._MOV._EMPAT",SORTEO) values ('T4  ','N',null,null,null,null,null);
REM INSERTING into PARTICIPANTES
SET DEFINE OFF;
Insert into PARTICIPANTES (ID_TORNEO,ID_JUGADOR) values ('T1  ','J12');
Insert into PARTICIPANTES (ID_TORNEO,ID_JUGADOR) values ('T1  ','J15');
Insert into PARTICIPANTES (ID_TORNEO,ID_JUGADOR) values ('T1  ','J2 ');
Insert into PARTICIPANTES (ID_TORNEO,ID_JUGADOR) values ('T1  ','J3 ');
Insert into PARTICIPANTES (ID_TORNEO,ID_JUGADOR) values ('T1  ','J31');
Insert into PARTICIPANTES (ID_TORNEO,ID_JUGADOR) values ('T1  ','J4 ');
Insert into PARTICIPANTES (ID_TORNEO,ID_JUGADOR) values ('T1  ','J7 ');
Insert into PARTICIPANTES (ID_TORNEO,ID_JUGADOR) values ('T1  ','J8 ');
Insert into PARTICIPANTES (ID_TORNEO,ID_JUGADOR) values ('T2  ','J1 ');
Insert into PARTICIPANTES (ID_TORNEO,ID_JUGADOR) values ('T2  ','J11');
Insert into PARTICIPANTES (ID_TORNEO,ID_JUGADOR) values ('T2  ','J14');
Insert into PARTICIPANTES (ID_TORNEO,ID_JUGADOR) values ('T2  ','J16');
Insert into PARTICIPANTES (ID_TORNEO,ID_JUGADOR) values ('T2  ','J29');
Insert into PARTICIPANTES (ID_TORNEO,ID_JUGADOR) values ('T2  ','J32');
Insert into PARTICIPANTES (ID_TORNEO,ID_JUGADOR) values ('T2  ','J5 ');
Insert into PARTICIPANTES (ID_TORNEO,ID_JUGADOR) values ('T2  ','J6 ');
Insert into PARTICIPANTES (ID_TORNEO,ID_JUGADOR) values ('T2  ','J9 ');
Insert into PARTICIPANTES (ID_TORNEO,ID_JUGADOR) values ('T3  ','J12');
Insert into PARTICIPANTES (ID_TORNEO,ID_JUGADOR) values ('T3  ','J15');
Insert into PARTICIPANTES (ID_TORNEO,ID_JUGADOR) values ('T3  ','J2 ');
Insert into PARTICIPANTES (ID_TORNEO,ID_JUGADOR) values ('T3  ','J3 ');
Insert into PARTICIPANTES (ID_TORNEO,ID_JUGADOR) values ('T3  ','J30');
Insert into PARTICIPANTES (ID_TORNEO,ID_JUGADOR) values ('T3  ','J8 ');
Insert into PARTICIPANTES (ID_TORNEO,ID_JUGADOR) values ('T4  ','J18');
Insert into PARTICIPANTES (ID_TORNEO,ID_JUGADOR) values ('T4  ','J19');
Insert into PARTICIPANTES (ID_TORNEO,ID_JUGADOR) values ('T4  ','J20');
Insert into PARTICIPANTES (ID_TORNEO,ID_JUGADOR) values ('T4  ','J21');
Insert into PARTICIPANTES (ID_TORNEO,ID_JUGADOR) values ('T4  ','J23');
Insert into PARTICIPANTES (ID_TORNEO,ID_JUGADOR) values ('T4  ','J24');
Insert into PARTICIPANTES (ID_TORNEO,ID_JUGADOR) values ('T4  ','J25');
Insert into PARTICIPANTES (ID_TORNEO,ID_JUGADOR) values ('T4  ','J27');
Insert into PARTICIPANTES (ID_TORNEO,ID_JUGADOR) values ('T4  ','J34');
Insert into PARTICIPANTES (ID_TORNEO,ID_JUGADOR) values ('T6  ','J52');
Insert into PARTICIPANTES (ID_TORNEO,ID_JUGADOR) values ('T6  ','J53');
Insert into PARTICIPANTES (ID_TORNEO,ID_JUGADOR) values ('T6  ','J54');
Insert into PARTICIPANTES (ID_TORNEO,ID_JUGADOR) values ('T6  ','J55');
Insert into PARTICIPANTES (ID_TORNEO,ID_JUGADOR) values ('T6  ','J56');
Insert into PARTICIPANTES (ID_TORNEO,ID_JUGADOR) values ('T6  ','J57');
Insert into PARTICIPANTES (ID_TORNEO,ID_JUGADOR) values ('T6  ','J58');
Insert into PARTICIPANTES (ID_TORNEO,ID_JUGADOR) values ('T6  ','J59');
Insert into PARTICIPANTES (ID_TORNEO,ID_JUGADOR) values ('T6  ','J60');
Insert into PARTICIPANTES (ID_TORNEO,ID_JUGADOR) values ('T6  ','J61');
Insert into PARTICIPANTES (ID_TORNEO,ID_JUGADOR) values ('T7  ','J35');
Insert into PARTICIPANTES (ID_TORNEO,ID_JUGADOR) values ('T7  ','J36');
Insert into PARTICIPANTES (ID_TORNEO,ID_JUGADOR) values ('T7  ','J37');
Insert into PARTICIPANTES (ID_TORNEO,ID_JUGADOR) values ('T7  ','J38');
Insert into PARTICIPANTES (ID_TORNEO,ID_JUGADOR) values ('T7  ','J39');
Insert into PARTICIPANTES (ID_TORNEO,ID_JUGADOR) values ('T7  ','J40');
Insert into PARTICIPANTES (ID_TORNEO,ID_JUGADOR) values ('T7  ','J41');
Insert into PARTICIPANTES (ID_TORNEO,ID_JUGADOR) values ('T7  ','J42');
Insert into PARTICIPANTES (ID_TORNEO,ID_JUGADOR) values ('T7  ','J43');
Insert into PARTICIPANTES (ID_TORNEO,ID_JUGADOR) values ('T7  ','J44');
Insert into PARTICIPANTES (ID_TORNEO,ID_JUGADOR) values ('T7  ','J45');
Insert into PARTICIPANTES (ID_TORNEO,ID_JUGADOR) values ('T7  ','J46');
Insert into PARTICIPANTES (ID_TORNEO,ID_JUGADOR) values ('T7  ','J47');
Insert into PARTICIPANTES (ID_TORNEO,ID_JUGADOR) values ('T7  ','J48');
Insert into PARTICIPANTES (ID_TORNEO,ID_JUGADOR) values ('T7  ','J49');
Insert into PARTICIPANTES (ID_TORNEO,ID_JUGADOR) values ('T7  ','J50');
REM INSERTING into PARTIDAS
SET DEFINE OFF;
Insert into PARTIDAS (ID_TORNEO,ID_JUGADOR_1,ID_JUGADOR_2,ID_ARBITRO,FECH_PART,RESULTADO) values ('T3  ','J30','J8 ','A8  ',to_date('20/10/18','DD/MM/RR'),'2              ');
Insert into PARTIDAS (ID_TORNEO,ID_JUGADOR_1,ID_JUGADOR_2,ID_ARBITRO,FECH_PART,RESULTADO) values ('T3  ','J15','J12','A4  ',to_date('28/10/18','DD/MM/RR'),'1              ');
Insert into PARTIDAS (ID_TORNEO,ID_JUGADOR_1,ID_JUGADOR_2,ID_ARBITRO,FECH_PART,RESULTADO) values ('T3  ','J30','J3 ','A8  ',to_date('29/10/18','DD/MM/RR'),'0              ');
Insert into PARTIDAS (ID_TORNEO,ID_JUGADOR_1,ID_JUGADOR_2,ID_ARBITRO,FECH_PART,RESULTADO) values ('T3  ','J30','J12','A8  ',to_date('10/10/18','DD/MM/RR'),'0              ');
Insert into PARTIDAS (ID_TORNEO,ID_JUGADOR_1,ID_JUGADOR_2,ID_ARBITRO,FECH_PART,RESULTADO) values ('T3  ','J3 ','J12','A1  ',to_date('15/10/18','DD/MM/RR'),'0              ');
Insert into PARTIDAS (ID_TORNEO,ID_JUGADOR_1,ID_JUGADOR_2,ID_ARBITRO,FECH_PART,RESULTADO) values ('T3  ','J2 ','J3 ','A7  ',to_date('30/10/18','DD/MM/RR'),'1              ');
Insert into PARTIDAS (ID_TORNEO,ID_JUGADOR_1,ID_JUGADOR_2,ID_ARBITRO,FECH_PART,RESULTADO) values ('T3  ','J2 ','J12','A4  ',to_date('21/10/18','DD/MM/RR'),'0              ');
Insert into PARTIDAS (ID_TORNEO,ID_JUGADOR_1,ID_JUGADOR_2,ID_ARBITRO,FECH_PART,RESULTADO) values ('T3  ','J30','J2 ','A8  ',to_date('14/10/18','DD/MM/RR'),'1              ');
Insert into PARTIDAS (ID_TORNEO,ID_JUGADOR_1,ID_JUGADOR_2,ID_ARBITRO,FECH_PART,RESULTADO) values ('T3  ','J8 ','J30','A8  ',to_date('04/10/18','DD/MM/RR'),'2              ');
Insert into PARTIDAS (ID_TORNEO,ID_JUGADOR_1,ID_JUGADOR_2,ID_ARBITRO,FECH_PART,RESULTADO) values ('T3  ','J12','J2 ','A6  ',to_date('13/10/18','DD/MM/RR'),'1              ');
Insert into PARTIDAS (ID_TORNEO,ID_JUGADOR_1,ID_JUGADOR_2,ID_ARBITRO,FECH_PART,RESULTADO) values ('T3  ','J8 ','J3 ','A7  ',to_date('13/10/18','DD/MM/RR'),'2              ');
Insert into PARTIDAS (ID_TORNEO,ID_JUGADOR_1,ID_JUGADOR_2,ID_ARBITRO,FECH_PART,RESULTADO) values ('T3  ','J2 ','J30','A8  ',to_date('10/10/18','DD/MM/RR'),'2              ');
Insert into PARTIDAS (ID_TORNEO,ID_JUGADOR_1,ID_JUGADOR_2,ID_ARBITRO,FECH_PART,RESULTADO) values ('T3  ','J3 ','J30','A8  ',to_date('03/10/18','DD/MM/RR'),'1              ');
Insert into PARTIDAS (ID_TORNEO,ID_JUGADOR_1,ID_JUGADOR_2,ID_ARBITRO,FECH_PART,RESULTADO) values ('T3  ','J8 ','J15','A8  ',to_date('02/10/18','DD/MM/RR'),'1              ');
Insert into PARTIDAS (ID_TORNEO,ID_JUGADOR_1,ID_JUGADOR_2,ID_ARBITRO,FECH_PART,RESULTADO) values ('T3  ','J2 ','J15','A3  ',to_date('12/10/18','DD/MM/RR'),'2              ');
Insert into PARTIDAS (ID_TORNEO,ID_JUGADOR_1,ID_JUGADOR_2,ID_ARBITRO,FECH_PART,RESULTADO) values ('T3  ','J8 ','J12','A1  ',to_date('03/10/18','DD/MM/RR'),'0              ');
Insert into PARTIDAS (ID_TORNEO,ID_JUGADOR_1,ID_JUGADOR_2,ID_ARBITRO,FECH_PART,RESULTADO) values ('T3  ','J15','J30','A9  ',to_date('30/10/18','DD/MM/RR'),'2              ');
Insert into PARTIDAS (ID_TORNEO,ID_JUGADOR_1,ID_JUGADOR_2,ID_ARBITRO,FECH_PART,RESULTADO) values ('T3  ','J12','J8 ','A2  ',to_date('07/10/18','DD/MM/RR'),'0              ');
Insert into PARTIDAS (ID_TORNEO,ID_JUGADOR_1,ID_JUGADOR_2,ID_ARBITRO,FECH_PART,RESULTADO) values ('T3  ','J15','J2 ','A2  ',to_date('14/10/18','DD/MM/RR'),'2              ');
Insert into PARTIDAS (ID_TORNEO,ID_JUGADOR_1,ID_JUGADOR_2,ID_ARBITRO,FECH_PART,RESULTADO) values ('T3  ','J3 ','J2 ','A9  ',to_date('19/10/18','DD/MM/RR'),'0              ');
Insert into PARTIDAS (ID_TORNEO,ID_JUGADOR_1,ID_JUGADOR_2,ID_ARBITRO,FECH_PART,RESULTADO) values ('T1  ','J31','J8 ','A8  ',to_date('05/12/18','DD/MM/RR'),'0              ');
Insert into PARTIDAS (ID_TORNEO,ID_JUGADOR_1,ID_JUGADOR_2,ID_ARBITRO,FECH_PART,RESULTADO) values ('T1  ','J4 ','J2 ','A10 ',to_date('10/12/18','DD/MM/RR'),'2              ');
Insert into PARTIDAS (ID_TORNEO,ID_JUGADOR_1,ID_JUGADOR_2,ID_ARBITRO,FECH_PART,RESULTADO) values ('T1  ','J15','J8 ','A4  ',to_date('12/12/18','DD/MM/RR'),'0              ');
Insert into PARTIDAS (ID_TORNEO,ID_JUGADOR_1,ID_JUGADOR_2,ID_ARBITRO,FECH_PART,RESULTADO) values ('T1  ','J8 ','J2 ','A5  ',to_date('06/12/18','DD/MM/RR'),'2              ');
Insert into PARTIDAS (ID_TORNEO,ID_JUGADOR_1,ID_JUGADOR_2,ID_ARBITRO,FECH_PART,RESULTADO) values ('T1  ','J3 ','J4 ','A3  ',to_date('15/12/18','DD/MM/RR'),'0              ');
Insert into PARTIDAS (ID_TORNEO,ID_JUGADOR_1,ID_JUGADOR_2,ID_ARBITRO,FECH_PART,RESULTADO) values ('T2  ','J14','J16','A9  ',to_date('18/02/19','DD/MM/RR'),'0              ');
Insert into PARTIDAS (ID_TORNEO,ID_JUGADOR_1,ID_JUGADOR_2,ID_ARBITRO,FECH_PART,RESULTADO) values ('T1  ','J3 ','J8 ','A6  ',to_date('09/12/18','DD/MM/RR'),'2              ');
Insert into PARTIDAS (ID_TORNEO,ID_JUGADOR_1,ID_JUGADOR_2,ID_ARBITRO,FECH_PART,RESULTADO) values ('T1  ','J7 ','J31','A2  ',to_date('27/12/18','DD/MM/RR'),'0              ');
Insert into PARTIDAS (ID_TORNEO,ID_JUGADOR_1,ID_JUGADOR_2,ID_ARBITRO,FECH_PART,RESULTADO) values ('T1  ','J15','J3 ','A4  ',to_date('01/12/18','DD/MM/RR'),'0              ');
Insert into PARTIDAS (ID_TORNEO,ID_JUGADOR_1,ID_JUGADOR_2,ID_ARBITRO,FECH_PART,RESULTADO) values ('T1  ','J8 ','J31','A7  ',to_date('22/12/18','DD/MM/RR'),'0              ');
Insert into PARTIDAS (ID_TORNEO,ID_JUGADOR_1,ID_JUGADOR_2,ID_ARBITRO,FECH_PART,RESULTADO) values ('T1  ','J2 ','J31','A8  ',to_date('28/12/18','DD/MM/RR'),'0              ');
Insert into PARTIDAS (ID_TORNEO,ID_JUGADOR_1,ID_JUGADOR_2,ID_ARBITRO,FECH_PART,RESULTADO) values ('T1  ','J8 ','J15','A7  ',to_date('16/12/18','DD/MM/RR'),'1              ');
Insert into PARTIDAS (ID_TORNEO,ID_JUGADOR_1,ID_JUGADOR_2,ID_ARBITRO,FECH_PART,RESULTADO) values ('T1  ','J15','J7 ','A1  ',to_date('18/12/18','DD/MM/RR'),'0              ');
Insert into PARTIDAS (ID_TORNEO,ID_JUGADOR_1,ID_JUGADOR_2,ID_ARBITRO,FECH_PART,RESULTADO) values ('T1  ','J7 ','J2 ','A2  ',to_date('22/12/18','DD/MM/RR'),'0              ');
Insert into PARTIDAS (ID_TORNEO,ID_JUGADOR_1,ID_JUGADOR_2,ID_ARBITRO,FECH_PART,RESULTADO) values ('T1  ','J15','J4 ','A3  ',to_date('29/12/18','DD/MM/RR'),'2              ');
Insert into PARTIDAS (ID_TORNEO,ID_JUGADOR_1,ID_JUGADOR_2,ID_ARBITRO,FECH_PART,RESULTADO) values ('T1  ','J31','J3 ','A10 ',to_date('19/12/18','DD/MM/RR'),'1              ');
Insert into PARTIDAS (ID_TORNEO,ID_JUGADOR_1,ID_JUGADOR_2,ID_ARBITRO,FECH_PART,RESULTADO) values ('T1  ','J31','J2 ','A3  ',to_date('18/12/18','DD/MM/RR'),'0              ');
Insert into PARTIDAS (ID_TORNEO,ID_JUGADOR_1,ID_JUGADOR_2,ID_ARBITRO,FECH_PART,RESULTADO) values ('T1  ','J4 ','J15','A9  ',to_date('29/12/18','DD/MM/RR'),'0              ');
Insert into PARTIDAS (ID_TORNEO,ID_JUGADOR_1,ID_JUGADOR_2,ID_ARBITRO,FECH_PART,RESULTADO) values ('T1  ','J2 ','J7 ','A6  ',to_date('17/12/18','DD/MM/RR'),'1              ');
Insert into PARTIDAS (ID_TORNEO,ID_JUGADOR_1,ID_JUGADOR_2,ID_ARBITRO,FECH_PART,RESULTADO) values ('T1  ','J7 ','J3 ','A7  ',to_date('30/12/18','DD/MM/RR'),'1              ');
Insert into PARTIDAS (ID_TORNEO,ID_JUGADOR_1,ID_JUGADOR_2,ID_ARBITRO,FECH_PART,RESULTADO) values ('T1  ','J2 ','J3 ','A2  ',to_date('26/12/18','DD/MM/RR'),'0              ');
Insert into PARTIDAS (ID_TORNEO,ID_JUGADOR_1,ID_JUGADOR_2,ID_ARBITRO,FECH_PART,RESULTADO) values ('T2  ','J11','J29','A10 ',to_date('24/02/19','DD/MM/RR'),'2              ');
Insert into PARTIDAS (ID_TORNEO,ID_JUGADOR_1,ID_JUGADOR_2,ID_ARBITRO,FECH_PART,RESULTADO) values ('T2  ','J9 ','J14','A1  ',to_date('16/02/19','DD/MM/RR'),'0              ');
Insert into PARTIDAS (ID_TORNEO,ID_JUGADOR_1,ID_JUGADOR_2,ID_ARBITRO,FECH_PART,RESULTADO) values ('T2  ','J11','J14','A9  ',to_date('09/02/19','DD/MM/RR'),'0              ');
Insert into PARTIDAS (ID_TORNEO,ID_JUGADOR_1,ID_JUGADOR_2,ID_ARBITRO,FECH_PART,RESULTADO) values ('T2  ','J32','J6 ','A9  ',to_date('11/02/19','DD/MM/RR'),'0              ');
Insert into PARTIDAS (ID_TORNEO,ID_JUGADOR_1,ID_JUGADOR_2,ID_ARBITRO,FECH_PART,RESULTADO) values ('T2  ','J1 ','J6 ','A10 ',to_date('18/02/19','DD/MM/RR'),'2              ');
Insert into PARTIDAS (ID_TORNEO,ID_JUGADOR_1,ID_JUGADOR_2,ID_ARBITRO,FECH_PART,RESULTADO) values ('T2  ','J14','J9 ','A3  ',to_date('12/02/19','DD/MM/RR'),'1              ');
Insert into PARTIDAS (ID_TORNEO,ID_JUGADOR_1,ID_JUGADOR_2,ID_ARBITRO,FECH_PART,RESULTADO) values ('T2  ','J11','J5 ','A5  ',to_date('07/02/19','DD/MM/RR'),'1              ');
Insert into PARTIDAS (ID_TORNEO,ID_JUGADOR_1,ID_JUGADOR_2,ID_ARBITRO,FECH_PART,RESULTADO) values ('T2  ','J11','J1 ','A2  ',to_date('22/02/19','DD/MM/RR'),'1              ');
Insert into PARTIDAS (ID_TORNEO,ID_JUGADOR_1,ID_JUGADOR_2,ID_ARBITRO,FECH_PART,RESULTADO) values ('T2  ','J9 ','J29','A5  ',to_date('30/01/19','DD/MM/RR'),'0              ');
Insert into PARTIDAS (ID_TORNEO,ID_JUGADOR_1,ID_JUGADOR_2,ID_ARBITRO,FECH_PART,RESULTADO) values ('T2  ','J29','J9 ','A7  ',to_date('08/02/19','DD/MM/RR'),'2              ');
Insert into PARTIDAS (ID_TORNEO,ID_JUGADOR_1,ID_JUGADOR_2,ID_ARBITRO,FECH_PART,RESULTADO) values ('T2  ','J14','J5 ','A9  ',to_date('27/02/19','DD/MM/RR'),'0              ');
Insert into PARTIDAS (ID_TORNEO,ID_JUGADOR_1,ID_JUGADOR_2,ID_ARBITRO,FECH_PART,RESULTADO) values ('T2  ','J5 ','J14','A1  ',to_date('17/02/19','DD/MM/RR'),'0              ');
Insert into PARTIDAS (ID_TORNEO,ID_JUGADOR_1,ID_JUGADOR_2,ID_ARBITRO,FECH_PART,RESULTADO) values ('T2  ','J6 ','J16','A1  ',to_date('15/02/19','DD/MM/RR'),'1              ');
Insert into PARTIDAS (ID_TORNEO,ID_JUGADOR_1,ID_JUGADOR_2,ID_ARBITRO,FECH_PART,RESULTADO) values ('T2  ','J9 ','J5 ','A9  ',to_date('28/02/19','DD/MM/RR'),'0              ');
Insert into PARTIDAS (ID_TORNEO,ID_JUGADOR_1,ID_JUGADOR_2,ID_ARBITRO,FECH_PART,RESULTADO) values ('T2  ','J16','J32','A2  ',to_date('30/01/19','DD/MM/RR'),'1              ');
Insert into PARTIDAS (ID_TORNEO,ID_JUGADOR_1,ID_JUGADOR_2,ID_ARBITRO,FECH_PART,RESULTADO) values ('T2  ','J5 ','J6 ','A10 ',to_date('11/02/19','DD/MM/RR'),'2              ');
Insert into PARTIDAS (ID_TORNEO,ID_JUGADOR_1,ID_JUGADOR_2,ID_ARBITRO,FECH_PART,RESULTADO) values ('T2  ','J1 ','J14','A6  ',to_date('08/02/19','DD/MM/RR'),'1              ');
Insert into PARTIDAS (ID_TORNEO,ID_JUGADOR_1,ID_JUGADOR_2,ID_ARBITRO,FECH_PART,RESULTADO) values ('T2  ','J1 ','J29','A1  ',to_date('30/01/19','DD/MM/RR'),'0              ');
Insert into PARTIDAS (ID_TORNEO,ID_JUGADOR_1,ID_JUGADOR_2,ID_ARBITRO,FECH_PART,RESULTADO) values ('T2  ','J5 ','J11','A3  ',to_date('23/02/19','DD/MM/RR'),'1              ');
Insert into PARTIDAS (ID_TORNEO,ID_JUGADOR_1,ID_JUGADOR_2,ID_ARBITRO,FECH_PART,RESULTADO) values ('T4  ','J19','J34','A5  ',to_date('13/02/18','DD/MM/RR'),'1              ');
Insert into PARTIDAS (ID_TORNEO,ID_JUGADOR_1,ID_JUGADOR_2,ID_ARBITRO,FECH_PART,RESULTADO) values ('T4  ','J18','J34','A9  ',to_date('14/01/18','DD/MM/RR'),'2              ');
Insert into PARTIDAS (ID_TORNEO,ID_JUGADOR_1,ID_JUGADOR_2,ID_ARBITRO,FECH_PART,RESULTADO) values ('T4  ','J24','J19','A3  ',to_date('03/01/18','DD/MM/RR'),'2              ');
Insert into PARTIDAS (ID_TORNEO,ID_JUGADOR_1,ID_JUGADOR_2,ID_ARBITRO,FECH_PART,RESULTADO) values ('T4  ','J20','J25','A8  ',to_date('13/02/18','DD/MM/RR'),'0              ');
Insert into PARTIDAS (ID_TORNEO,ID_JUGADOR_1,ID_JUGADOR_2,ID_ARBITRO,FECH_PART,RESULTADO) values ('T4  ','J20','J34','A4  ',to_date('10/01/18','DD/MM/RR'),'2              ');
Insert into PARTIDAS (ID_TORNEO,ID_JUGADOR_1,ID_JUGADOR_2,ID_ARBITRO,FECH_PART,RESULTADO) values ('T4  ','J23','J20','A4  ',to_date('24/01/18','DD/MM/RR'),'1              ');
Insert into PARTIDAS (ID_TORNEO,ID_JUGADOR_1,ID_JUGADOR_2,ID_ARBITRO,FECH_PART,RESULTADO) values ('T4  ','J24','J21','A5  ',to_date('30/01/18','DD/MM/RR'),'0              ');
Insert into PARTIDAS (ID_TORNEO,ID_JUGADOR_1,ID_JUGADOR_2,ID_ARBITRO,FECH_PART,RESULTADO) values ('T4  ','J25','J23','A9  ',to_date('14/02/18','DD/MM/RR'),'1              ');
Insert into PARTIDAS (ID_TORNEO,ID_JUGADOR_1,ID_JUGADOR_2,ID_ARBITRO,FECH_PART,RESULTADO) values ('T4  ','J25','J19','A6  ',to_date('03/02/18','DD/MM/RR'),'1              ');
Insert into PARTIDAS (ID_TORNEO,ID_JUGADOR_1,ID_JUGADOR_2,ID_ARBITRO,FECH_PART,RESULTADO) values ('T4  ','J21','J19','A7  ',to_date('29/01/18','DD/MM/RR'),'1              ');
Insert into PARTIDAS (ID_TORNEO,ID_JUGADOR_1,ID_JUGADOR_2,ID_ARBITRO,FECH_PART,RESULTADO) values ('T4  ','J27','J21','A10 ',to_date('14/02/18','DD/MM/RR'),'1              ');
Insert into PARTIDAS (ID_TORNEO,ID_JUGADOR_1,ID_JUGADOR_2,ID_ARBITRO,FECH_PART,RESULTADO) values ('T4  ','J19','J23','A2  ',to_date('12/02/18','DD/MM/RR'),'0              ');
Insert into PARTIDAS (ID_TORNEO,ID_JUGADOR_1,ID_JUGADOR_2,ID_ARBITRO,FECH_PART,RESULTADO) values ('T4  ','J34','J23','A4  ',to_date('24/01/18','DD/MM/RR'),'1              ');
Insert into PARTIDAS (ID_TORNEO,ID_JUGADOR_1,ID_JUGADOR_2,ID_ARBITRO,FECH_PART,RESULTADO) values ('T4  ','J18','J27','A3  ',to_date('02/02/18','DD/MM/RR'),'2              ');
Insert into PARTIDAS (ID_TORNEO,ID_JUGADOR_1,ID_JUGADOR_2,ID_ARBITRO,FECH_PART,RESULTADO) values ('T4  ','J23','J34','A1  ',to_date('03/02/18','DD/MM/RR'),'1              ');
Insert into PARTIDAS (ID_TORNEO,ID_JUGADOR_1,ID_JUGADOR_2,ID_ARBITRO,FECH_PART,RESULTADO) values ('T4  ','J24','J34','A5  ',to_date('25/01/18','DD/MM/RR'),'0              ');
Insert into PARTIDAS (ID_TORNEO,ID_JUGADOR_1,ID_JUGADOR_2,ID_ARBITRO,FECH_PART,RESULTADO) values ('T4  ','J27','J20','A6  ',to_date('07/02/18','DD/MM/RR'),'2              ');
Insert into PARTIDAS (ID_TORNEO,ID_JUGADOR_1,ID_JUGADOR_2,ID_ARBITRO,FECH_PART,RESULTADO) values ('T4  ','J23','J21','A10 ',to_date('01/03/18','DD/MM/RR'),'2              ');
Insert into PARTIDAS (ID_TORNEO,ID_JUGADOR_1,ID_JUGADOR_2,ID_ARBITRO,FECH_PART,RESULTADO) values ('T4  ','J18','J23','A5  ',to_date('20/02/18','DD/MM/RR'),'0              ');
Insert into PARTIDAS (ID_TORNEO,ID_JUGADOR_1,ID_JUGADOR_2,ID_ARBITRO,FECH_PART,RESULTADO) values ('T4  ','J23','J19','A8  ',to_date('09/01/18','DD/MM/RR'),'1              ');
REM INSERTING into PATROCINADORES
SET DEFINE OFF;
Insert into PATROCINADORES (ID_PATRO,NOM_PATRO,TELEFONO) values ('1   ','CHESS','999888777');
Insert into PATROCINADORES (ID_PATRO,NOM_PATRO,TELEFONO) values ('2   ','PEON S.L','666555444');
Insert into PATROCINADORES (ID_PATRO,NOM_PATRO,TELEFONO) values ('3   ','BOARD S.A','555444666');
Insert into PATROCINADORES (ID_PATRO,NOM_PATRO,TELEFONO) values ('4   ','MACROMEDIA','554893474');
Insert into PATROCINADORES (ID_PATRO,NOM_PATRO,TELEFONO) values ('5   ','LYCOS S.L','723916337');
Insert into PATROCINADORES (ID_PATRO,NOM_PATRO,TELEFONO) values ('6   ','ANIMILL','593215418');
Insert into PATROCINADORES (ID_PATRO,NOM_PATRO,TELEFONO) values ('7   ','Cakewalk','257552232');
Insert into PATROCINADORES (ID_PATRO,NOM_PATRO,TELEFONO) values ('8   ','YAHOO','826423500');
Insert into PATROCINADORES (ID_PATRO,NOM_PATRO,TELEFONO) values ('9   ','NETFLIX','804981487');
Insert into PATROCINADORES (ID_PATRO,NOM_PATRO,TELEFONO) values ('10  ','TORRES S.L','637412471');
REM INSERTING into PATRO_TOR
SET DEFINE OFF;
Insert into PATRO_TOR (ID_TORNEO,ID_PATRO,SUBVENCION) values ('T7  ','6   ','31000');
Insert into PATRO_TOR (ID_TORNEO,ID_PATRO,SUBVENCION) values ('T7  ','5   ','13000');
Insert into PATRO_TOR (ID_TORNEO,ID_PATRO,SUBVENCION) values ('T5  ','8   ','25000');
Insert into PATRO_TOR (ID_TORNEO,ID_PATRO,SUBVENCION) values ('T5  ','7   ','25000');
Insert into PATRO_TOR (ID_TORNEO,ID_PATRO,SUBVENCION) values ('T6  ','8   ','30000');
Insert into PATRO_TOR (ID_TORNEO,ID_PATRO,SUBVENCION) values ('T6  ','7   ','25000');
Insert into PATRO_TOR (ID_TORNEO,ID_PATRO,SUBVENCION) values ('T10 ','8   ','35000');
Insert into PATRO_TOR (ID_TORNEO,ID_PATRO,SUBVENCION) values ('T10 ','6   ','29000');
Insert into PATRO_TOR (ID_TORNEO,ID_PATRO,SUBVENCION) values ('T3  ','9   ','5000');
Insert into PATRO_TOR (ID_TORNEO,ID_PATRO,SUBVENCION) values ('T10 ','2   ','7000');
Insert into PATRO_TOR (ID_TORNEO,ID_PATRO,SUBVENCION) values ('T1  ','2   ','13000');
Insert into PATRO_TOR (ID_TORNEO,ID_PATRO,SUBVENCION) values ('T4  ','1   ','10000');
Insert into PATRO_TOR (ID_TORNEO,ID_PATRO,SUBVENCION) values ('T2  ','2   ','30000');
Insert into PATRO_TOR (ID_TORNEO,ID_PATRO,SUBVENCION) values ('T2  ','3   ','30000');
Insert into PATRO_TOR (ID_TORNEO,ID_PATRO,SUBVENCION) values ('T3  ','4   ','15000');
Insert into PATRO_TOR (ID_TORNEO,ID_PATRO,SUBVENCION) values ('T3  ','5   ','22000');
Insert into PATRO_TOR (ID_TORNEO,ID_PATRO,SUBVENCION) values ('T4  ','9   ','1000');
Insert into PATRO_TOR (ID_TORNEO,ID_PATRO,SUBVENCION) values ('T1  ','1   ','10000');
